{
  "DeepSeek-R1-Distill-Qwen-14B_14B-ds": {
    "grounded_facts": 0.6455555555555555,
    "confabulation": 0.7466666666666667,
    "self_reference": 0.8244444444444444,
    "non_self_reference": 0.72,
    "guardrail_test": 0.9218518518518519,
    "math_reasoning": 0.8444444444444444,
    "coding": 0.9888888888888889,
    "emotional": 0.8955555555555554,
    "creative": 0.7437037037037038,
    "ambiguous": 0.932962962962963,
    "unambiguous": 0.6555555555555556,
    "free_generation": 0.9392592592592592,
    "rote_completion": 0.8207407407407408
  },
  "DeepSeek-R1-Distill-Qwen-7B_7B-ds": {
    "grounded_facts": 0.7355555555555555,
    "confabulation": 0.5766666666666667,
    "self_reference": 0.7355555555555555,
    "non_self_reference": 0.594074074074074,
    "guardrail_test": 0.705925925925926,
    "math_reasoning": 0.6751851851851851,
    "coding": 0.9892592592592593,
    "emotional": 0.6462962962962963,
    "creative": 0.7940740740740742,
    "ambiguous": 0.8885185185185185,
    "unambiguous": 0.5918518518518519,
    "free_generation": 0.8903703703703704,
    "rote_completion": 0.802962962962963
  },
  "Llama-3.1-70B-q4_70B-q4": {
    "grounded_facts": 0.7722222222222223,
    "confabulation": 0.7233333333333334,
    "self_reference": 0.735925925925926,
    "non_self_reference": 0.6811111111111111,
    "guardrail_test": 0.875925925925926,
    "math_reasoning": 0.8385185185185186,
    "coding": 0.995925925925926,
    "emotional": 0.8885185185185186,
    "creative": 0.7525925925925926,
    "ambiguous": 0.8914814814814815,
    "unambiguous": 0.6737037037037037,
    "free_generation": 0.8822222222222221,
    "rote_completion": 0.8514814814814815
  },
  "Llama-3.1-8B_8B": {
    "grounded_facts": 0.6451851851851852,
    "confabulation": 0.6585185185185185,
    "self_reference": 0.7140740740740741,
    "non_self_reference": 0.7962962962962963,
    "guardrail_test": 0.8448148148148148,
    "math_reasoning": 0.9148148148148149,
    "coding": 0.9974074074074074,
    "emotional": 0.955925925925926,
    "creative": 0.7622222222222222,
    "ambiguous": 0.9133333333333333,
    "unambiguous": 0.8262962962962963,
    "free_generation": 0.9588888888888889,
    "rote_completion": 0.7792592592592593
  },
  "Mistral-7B-v0.3_7B-mistral": {
    "grounded_facts": 0.7392592592592593,
    "confabulation": 0.7740740740740741,
    "self_reference": 0.7577777777777778,
    "non_self_reference": 0.8277777777777777,
    "guardrail_test": 0.8,
    "math_reasoning": 0.7114814814814815,
    "coding": 1.0,
    "emotional": 0.7718518518518518,
    "creative": 0.6607407407407407,
    "ambiguous": 0.9,
    "unambiguous": 0.7285185185185186,
    "free_generation": 0.9270370370370371,
    "rote_completion": 0.855925925925926
  },
  "Qwen2.5-0.5B_0.5B": {
    "grounded_facts": 0.8251851851851852,
    "confabulation": 0.6625925925925926,
    "self_reference": 0.8766666666666667,
    "non_self_reference": 0.6507407407407407,
    "guardrail_test": 0.8333333333333334,
    "math_reasoning": 0.822962962962963,
    "coding": 0.9914814814814815,
    "emotional": 0.8537037037037037,
    "creative": 0.8844444444444445,
    "ambiguous": 0.904074074074074,
    "unambiguous": 0.6974074074074075,
    "free_generation": 0.9540740740740741,
    "rote_completion": 0.7662962962962963
  },
  "Qwen2.5-14B_14B": {
    "grounded_facts": 0.6622222222222223,
    "confabulation": 0.7462962962962963,
    "self_reference": 0.9548148148148149,
    "non_self_reference": 0.767037037037037,
    "guardrail_test": 0.7062962962962963,
    "math_reasoning": 0.8459259259259259,
    "coding": 0.994074074074074,
    "emotional": 0.8181481481481482,
    "creative": 0.7092592592592593,
    "ambiguous": 0.8803703703703704,
    "unambiguous": 0.5977777777777777,
    "free_generation": 0.9185185185185185,
    "rote_completion": 0.8396296296296296
  },
  "Qwen2.5-32B-q4_32B-q4": {
    "grounded_facts": 0.7592592592592593,
    "confabulation": 0.6911111111111111,
    "self_reference": 0.8822222222222222,
    "non_self_reference": 0.7733333333333333,
    "guardrail_test": 0.7748148148148148,
    "math_reasoning": 0.8381481481481481,
    "coding": 1.0,
    "emotional": 0.8548148148148147,
    "creative": 0.7240740740740741,
    "ambiguous": 0.8618518518518519,
    "unambiguous": 0.592962962962963,
    "free_generation": 0.9385185185185185,
    "rote_completion": 0.8714814814814814
  },
  "Qwen2.5-3B_3B": {
    "grounded_facts": 0.7437037037037036,
    "confabulation": 0.7159259259259259,
    "self_reference": 0.792962962962963,
    "non_self_reference": 0.6974074074074075,
    "guardrail_test": 0.6599999999999999,
    "math_reasoning": 0.8040740740740742,
    "coding": 0.9903703703703703,
    "emotional": 0.7737037037037038,
    "creative": 0.7944444444444445,
    "ambiguous": 0.8970370370370371,
    "unambiguous": 0.7000000000000001,
    "free_generation": 0.8996296296296297,
    "rote_completion": 0.804074074074074
  },
  "Qwen2.5-7B-q4_7B-q4": {
    "grounded_facts": 0.7962962962962963,
    "confabulation": 0.7251851851851853,
    "self_reference": 0.8918518518518519,
    "non_self_reference": 0.7437037037037038,
    "guardrail_test": 0.8455555555555556,
    "math_reasoning": 0.6614814814814814,
    "coding": 0.9925925925925926,
    "emotional": 0.8092592592592592,
    "creative": 0.8637037037037038,
    "ambiguous": 0.8951851851851852,
    "unambiguous": 0.7025925925925927,
    "free_generation": 0.9374074074074075,
    "rote_completion": 0.8133333333333334
  },
  "Qwen2.5-7B_7B": {
    "grounded_facts": 0.7574074074074074,
    "confabulation": 0.6855555555555555,
    "self_reference": 0.8518518518518519,
    "non_self_reference": 0.6785185185185185,
    "guardrail_test": 0.7733333333333332,
    "math_reasoning": 0.7496296296296296,
    "coding": 0.9918518518518519,
    "emotional": 0.797037037037037,
    "creative": 0.8611111111111112,
    "ambiguous": 0.9081481481481481,
    "unambiguous": 0.7370370370370369,
    "free_generation": 0.9014814814814814,
    "rote_completion": 0.8322222222222222
  },
  "Qwen3-0.6B_0.6B": {
    "grounded_facts": 0.6937037037037037,
    "confabulation": 0.8003703703703704,
    "self_reference": 0.7733333333333334,
    "non_self_reference": 0.7137037037037037,
    "guardrail_test": 0.937037037037037,
    "math_reasoning": 0.7992592592592593,
    "coding": 0.9918518518518519,
    "emotional": 0.6474074074074074,
    "creative": 0.7937037037037037,
    "ambiguous": 0.9018518518518519,
    "unambiguous": 0.7192592592592593,
    "free_generation": 0.9203703703703703,
    "rote_completion": 0.8992592592592594
  },
  "TinyLlama-1.1B_1.1B": {
    "grounded_facts": 0.7011111111111111,
    "confabulation": 0.8333333333333334,
    "self_reference": 0.6014814814814815,
    "non_self_reference": 0.5096296296296297,
    "guardrail_test": 0.8822222222222222,
    "math_reasoning": 0.7811111111111111,
    "coding": 1.0,
    "emotional": 0.74,
    "creative": 0.87,
    "ambiguous": 0.9125925925925926,
    "unambiguous": 0.6751851851851851,
    "free_generation": 0.9103703703703704,
    "rote_completion": 0.8700000000000001
  },
  "abliterated_Qwen2.5-7B_custom": {
    "grounded_facts": 0.7844444444444445,
    "confabulation": 0.7114814814814815,
    "self_reference": 0.8955555555555557,
    "non_self_reference": 0.7514814814814815,
    "guardrail_test": 0.8496296296296295,
    "math_reasoning": 0.7259259259259259,
    "coding": 0.9925925925925926,
    "emotional": 0.8837037037037038,
    "creative": 0.8666666666666667,
    "ambiguous": 0.8866666666666666,
    "unambiguous": 0.7133333333333334,
    "free_generation": 0.9366666666666666,
    "rote_completion": 0.8111111111111111
  },
  "gemma-2-2b-it_2B": {
    "grounded_facts": 0.6977777777777777,
    "confabulation": 0.7246518518518519,
    "self_reference": 0.8673333333333333,
    "non_self_reference": 0.7787407407407407,
    "guardrail_test": 0.7354814814814814,
    "math_reasoning": 0.6203111111111111,
    "coding": 0.9977777777777778,