{
  "refusal_vs_benign": {
    "comparison": "refusal_vs_benign",
    "label_a": "harmful",
    "label_b": "benign",
    "n_a": 100,
    "n_b": 100,
    "auroc_encoding": 0.7881002506265664,
    "auroc_generation": 0.8636842105263158,
    "auroc_delta_raw": 0.6567305764411028,
    "auroc_fwl_output_only": 0.8055676691729323,
    "auroc_fwl_input_only": 0.7058546365914788,
    "auroc_fwl_both": 0.7865288220551379,
    "bootstrap_ci": {
      "auroc": 0.7729,
      "ci_low": 0.699375857173942,
      "ci_high": 0.8348,
      "n_bootstrap": 10000,
      "ci_level": 0.95,
      "method": "BCa"
    },
    "permutation_p": 0.000999000999000999,
    "n_permutations": 1000,
    "effect_sizes": {
      "norm": {
        "cohens_d": -0.1814882812339379,
        "mean_a": 576.4249170207977,
        "mean_b": 584.8993675661087,
        "std_a": 21.85235083362389,
        "std_b": 62.31510127546373
      },
      "norm_per_token": {
        "cohens_d": 0.19761553219983222,
        "mean_a": -5.952378029183222,
        "mean_b": -6.034934714282432,
        "std_a": 0.32528180408953417,
        "std_b": 0.4931992702774755
      },
      "key_rank": {
        "cohens_d": -0.037719595941409556,
        "mean_a": 20.546092179131605,
        "mean_b": 20.623286256973852,
        "std_a": 1.9564971813629592,
        "std_b": 2.1327550191365154
      },
      "key_entropy": {
        "cohens_d": 0.2910057520247151,
        "mean_a": -0.2126766652043346,
        "mean_b": -0.29398628194271875,
        "std_a": 0.24280293756121557,
        "std_b": 0.3117458513922967
      }
    },
    "length_correlations": {
      "norm": {
        "r_input": -0.09791216723634517,
        "p_input": 0.16779477000551463,
        "r_output": 0.9531677497385912,
        "p_output": 8.726576696741286e-105
      },
      "norm_per_token": {
        "r_input": 0.6487562496664995,
        "p_input": 2.829957241261751e-25,
        "r_output": -0.6464021929915188,
        "p_output": 4.776233941311776e-25
      },
      "key_rank": {
        "r_input": -0.8031912212538888,
        "p_input": 2.0211216698192654e-46,
        "r_output": 0.3040899611553372,
        "p_output": 1.199691320574713e-05
      },
      "key_entropy": {
        "r_input": -0.45880648458550616,
        "p_input": 8.342746380401698e-12,
        "r_output": -0.333173813599989,
        "p_output": 1.4305308487752518e-06
      }
    },
    "input_length_stats": {
      "mean_a": 22.1,
      "mean_b": 21.25,
      "std_a": 1.91049731745428,
      "std_b": 1.6515144564913744,
      "input_auroc": 0.37285
    },
    "output_length_stats": {
      "mean_a": 197.01,
      "mean_b": 194.87,
      "std_a": 8.579621203759523,
      "std_b": 23.016800385805148,
      "output_auroc": 0.5045999999999999
    }
  },
  "impossible_vs_benign": {
    "comparison": "impossible_vs_benign",
    "label_a": "impossible",
    "label_b": "benign",
    "n_a": 100,
    "n_b": 100,
    "auroc_encoding": 0.7895914786967418,
    "auroc_generation": 0.8226040100250627,
    "auroc_delta_raw": 0.8391578947368421,
    "auroc_fwl_output_only": 0.6733157894736842,
    "auroc_fwl_input_only": 0.7554736842105263,
    "auroc_fwl_both": 0.5951641604010025,
    "bootstrap_ci": {
      "auroc": 0.5546,
      "ci_low": 0.47297479180754104,
      "ci_high": 0.6350933729839828,
      "n_bootstrap": 10000,
      "ci_level": 0.95,
      "method": "BCa"
    },
    "permutation_p": 0.03596403596403597,
    "n_permutations": 1000,
    "effect_sizes": {
      "norm": {
        "cohens_d": -1.2267165488627212,
        "mean_a": 457.49893048286435,
        "mean_b": 584.8993675661087,
        "std_a": 132.9980415434443,
        "std_b": 62.31510127546373
      },
      "norm_per_token": {
        "cohens_d": 1.2245397061902152,
        "mean_a": -5.290040522470276,
        "mean_b": -6.034934714282432,
        "std_a": 0.7048585320446032,
        "std_b": 0.4931992702774755
      },
      "key_rank": {
        "cohens_d": -0.9990519427460169,
        "mean_a": 18.39709868390206,
        "mean_b": 20.623286256973852,
        "std_a": 2.3199135672898605,
        "std_b": 2.1327550191365154
      },
      "key_entropy": {
        "cohens_d": 0.6124369583104852,
        "mean_a": -0.0509545830209735,
        "mean_b": -0.29398628194271875,
        "std_a": 0.46664582019797896,
        "std_b": 0.3117458513922967
      }
    },
    "length_correlations": {
      "norm": {
        "r_input": -0.13213748675677237,
        "p_input": 0.062156170286432826,
        "r_output": 0.9937783086262728,
        "p_output": 1.0487937660581672e-190
      },
      "norm_per_token": {
        "r_input": 0.4600314732673638,
        "p_input": 7.225377598961069e-12,
        "r_output": -0.8818184646632089,
        "p_output": 1.488226526542592e-66
      },
      "key_rank": {
        "r_input": -0.7242685385571791,
        "p_input": 8.380007563682559e-34,
        "r_output": 0.5756606510750193,
        "p_output": 4.797766055649924e-19
      },
      "key_entropy": {
        "r_input": -0.2941853851200655,
        "p_input": 2.3548636361499e-05,
        "r_output": -0.7352082636506594,
        "p_output": 2.8065277996007376e-35
      }
    },
    "input_length_stats": {
      "mean_a": 22.74,
      "mean_b": 21.25,
      "std_a": 2.2477544349861707,
      "std_b": 1.6515144564913744,
      "input_auroc": 0.2910000000000001
    },
    "output_length_stats": {
      "mean_a": 146.68,
      "mean_b": 194.87,
      "std_a": 54.74063938245515,
      "std_b": 23.016800385805148,
      "output_auroc": 0.7683500000000001
    }
  },
  "harmful_vs_impossible": {
    "comparison": "harmful_vs_impossible",
    "label_a": "harmful",
    "label_b": "impossible",
    "n_a": 100,
    "n_b": 100,
    "auroc_encoding": 0.6482907268170427,
    "auroc_generation": 0.8536979949874688,
    "auroc_delta_raw": 0.8246428571428572,
    "auroc_fwl_output_only": 0.6327167919799498,
    "auroc_fwl_input_only": 0.8251190476190476,
    "auroc_fwl_both": 0.5875864661654135,
    "bootstrap_ci": {
      "auroc": 0.6047,
      "ci_low": 0.5230114576775624,
      "ci_high": 0.6781274881852563,
      "n_bootstrap": 10000,
      "ci_level": 0.95,
      "method": "BCa"
    },
    "permutation_p": 0.05094905094905095,
    "n_permutations": 1000,
    "effect_sizes": {
      "norm": {
        "cohens_d": 1.247849054710466,
        "mean_a": 576.4249170207977,
        "mean_b": 457.49893048286435,
        "std_a": 21.85235083362389,
        "std_b": 132.9980415434443
      },
      "norm_per_token": {
        "cohens_d": -1.2066118960166066,
        "mean_a": -5.952378029183222,
        "mean_b": -5.290040522470276,
        "std_a": 0.32528180408953417,
        "std_b": 0.7048585320446032
      },
      "key_rank": {
        "cohens_d": 1.001435790589273,
        "mean_a": 20.546092179131605,
        "mean_b": 18.39709868390206,
        "std_a": 1.9564971813629592,
        "std_b": 2.3199135672898605
      },
      "key_entropy": {
        "cohens_d": -0.4347810917649219,
        "mean_a": -0.2126766652043346,
        "mean_b": -0.0509545830209735,
        "std_a": 0.24280293756121557,
        "std_b": 0.46664582019797896
      }
    },
    "length_correlations": {
      "norm": {
        "r_input": -0.04904769816192166,
        "p_input": 0.49037865459057706,
        "r_output": 0.9948990340959142,
        "p_output": 3.199031480346369e-199
      },
      "norm_per_token": {
        "r_input": 0.4711842285180099,
        "p_input": 1.899931824929213e-12,
        "r_output": -0.8534499432074155,
        "p_output": 6.0784573879261864e-58
      },
      "key_rank": {
        "r_input": -0.7585662913131965,
        "p_input": 1.0944250855882809e-38,
        "r_output": 0.5267823048133086,
        "p_output": 1.1243897638782674e-15
      },
      "key_entropy": {
        "r_input": -0.43320191756110354,
        "p_input": 1.4834242707527746e-10,
        "r_output": -0.7356162444071211,
        "p_output": 2.46458749185007e-35
      }
    },