{
  "mistral_censorship_null": {
    "reject": false,
    "p_value": 0.37064721901652276,
    "p_upper": 0.37064721901652276,
    "p_lower": 0.02553915372356952,
    "delta": 0.3,
    "observed_d": 0.21434958641553126,
    "mean_diff": 0.3479166666666629
  },
  "deepseek_censorship_null": {
    "reject": false,
    "p_value": 0.9327307969956027,
    "p_upper": 0.00015273922371109364,
    "p_lower": 0.9327307969956027,
    "delta": 0.3,
    "observed_d": -0.6918519054639601,
    "mean_diff": -3.2305555555555614
  },
  "abliteration_grounded": {
    "reject": false,
    "p_value": 0.3239668005816101,
    "p_upper": 0.32396680058161004,
    "p_lower": 0.3239668005816101,
    "delta": 0.3,
    "observed_d": 0.0,
    "mean_diff": 0.0
  },
  "abliteration_creative": {
    "reject": false,
    "p_value": 0.34125022777996317,
    "p_upper": 0.3071260163634367,
    "p_lower": 0.34125022777996317,
    "delta": 0.3,
    "observed_d": -0.03162529785156567,
    "mean_diff": -0.09999999999999787
  },
  "abliteration_confabulation": {
    "reject": false,
    "p_value": 0.40428170066396807,
    "p_upper": 0.40428170066396807,
    "p_lower": 0.2524039371019591,
    "delta": 0.3,
    "observed_d": 0.14161166506842304,
    "mean_diff": 0.07857142857143629
  },
  "abliteration_refusal": {
    "reject": false,
    "p_value": 0.44599781279536455,
    "p_upper": 0.22108469498863675,
    "p_lower": 0.44599781279536455,
    "delta": 0.3,
    "observed_d": -0.21135290573212803,
    "mean_diff": -0.07857142857142208
  },
  "abliteration_self_referential": {
    "reject": false,
    "p_value": 0.5991200793562488,
    "p_upper": 0.13072758927659708,
    "p_lower": 0.5991200793562488,
    "delta": 0.3,
    "observed_d": -0.464158456057875,
    "mean_diff": -0.4499999999999993
  }
}